# Redirects for GeometryDash.ie

# Redirect old game URLs to new /play/ structure (301 permanent redirects for SEO)
/geometry-dash-lite/           /play/geometry-dash-lite/           301
/geometry-dash-meltdown/       /play/geometry-dash-meltdown/       301
/geometry-dash-subzero/        /play/geometry-dash-subzero/        301
/geometry-dash-breeze/         /play/geometry-dash-breeze/         301

# Ensure trailing slashes are handled
/geometry-dash-lite            /play/geometry-dash-lite/           301
/geometry-dash-meltdown        /play/geometry-dash-meltdown/       301
/geometry-dash-subzero         /play/geometry-dash-subzero/        301
/geometry-dash-breeze          /play/geometry-dash-breeze/         301

# Redirect non-www to www (if using www subdomain)
# http://geometrydash.ie/* https://www.geometrydash.ie/:splat 301
# https://geometrydash.ie/* https://www.geometrydash.ie/:splat 301

# Or redirect www to non-www (recommended for cleaner URLs)
# https://www.geometrydash.ie/* https://geometrydash.ie/:splat 301

# 404 page
/* /404.html 404
